plant_name,node,year,scenario,weather_year,H2_export,H2_import,H2_net_export,net_demand_electrolysis,electrolysis_demand
CH00_electrolyzer,CH00,2030,DistributedEnergy,1995,-1.1937117960769683e-12,0.0,-1.1937117960769683e-12,-1.1937117960769683e-09,0.0
IT00_electrolyzer,IT00,2030,DistributedEnergy,1995,-2395.59778107,12250.733836009998,-14646.331617079999,33481747.148070004,48128.07876515
DE00_electrolyzer,DE00,2030,DistributedEnergy,1995,-19263.66383489,22387.69820277,-41651.36203766,80750430.22234,122401.79226
FR00_electrolyzer,FR00,2030,DistributedEnergy,1995,0.0,5608.618272609999,-5608.618272609999,23770657.2569,29379.27552951
AT00_electrolyzer,AT00,2030,DistributedEnergy,1995,-2186.1269896999997,0.0,-2186.1269896999997,6199329.088390001,8385.456078090001
DKE1_electrolyzer,DKE1,2030,DistributedEnergy,1995,-9598.776853680001,-10158.63826969,559.8614160099987,1331719.5381699987,771.85812216
DKW1_electrolyzer,DKW1,2030,DistributedEnergy,1995,0.0,-549.10736053,549.10736053,1817159.98982,1268.05262929
BE00_electrolyzer,BE00,2030,DistributedEnergy,1995,6833.61400489,3950.52249224,2883.09151265,11523896.43706,8640.80492441
CZ00_electrolyzer,CZ00,2030,DistributedEnergy,1995,-2881.9441073,0.0,-2881.9441073,6514483.28778,9396.42739508
ES00_electrolyzer,ES00,2030,DistributedEnergy,1995,8809.265644590001,0.0,8809.265644590001,24082469.83598,15273.20419139
UK00_electrolyzer,UK00,2030,DistributedEnergy,1995,0.0,18691.031979030002,-18691.031979030002,20829614.22487,39520.6462039
HU00_electrolyzer,HU00,2030,DistributedEnergy,1995,-2232.79002913,1035.9657,-3268.75572913,8003706.228379998,11272.461957509999
LU00_electrolyzer,LU00,2030,DistributedEnergy,1995,0.0,0.0,0.0,0.0,0.0
NL00_electrolyzer,NL00,2030,DistributedEnergy,1995,0.0,-7985.98360711,7985.98360711,35320377.58012,27334.39397301
PL00_electrolyzer,PL00,2030,DistributedEnergy,1995,26391.06368521,20979.656601239996,5411.407083970003,27605184.54675,22193.77746278
PT00_electrolyzer,PT00,2030,DistributedEnergy,1995,0.0,-2232.13299384,2232.13299384,4965016.277079999,2732.8832832400003
SI00_electrolyzer,SI00,2030,DistributedEnergy,1995,0.0,671.6965651599999,-671.6965651599999,825618.7861200001,1497.31535128
SK00_electrolyzer,SK00,2030,DistributedEnergy,1995,0.0,-347.2352776100005,347.2352776100005,4933749.50856,4586.51423095
HR00_electrolyzer,HR00,2030,DistributedEnergy,1995,1734.74069997,0.0,1734.74069997,4359729.4424600005,2624.9887424900003
SE01_electrolyzer,SE01,2030,DistributedEnergy,1995,6896.45810841,7167.3010010299995,-270.8428926199995,5.115907697472721e-10,270.84289262
SE02_electrolyzer,SE02,2030,DistributedEnergy,1995,9483.04521487,6896.45810841,2586.5871064600005,3599274.1222200007,1012.68701576
SE03_electrolyzer,SE03,2030,DistributedEnergy,1995,11672.720387630001,9483.04521487,2189.6751727600004,7491389.549090001,5301.71437633
SE04_electrolyzer,SE04,2030,DistributedEnergy,1995,0.0,-5388.462659530001,5388.462659530001,6818138.446450001,1429.67578692
NON1_electrolyzer,NON1,2030,DistributedEnergy,1995,0.0,0.0,0.0,0.0,0.0
NOM1_electrolyzer,NOM1,2030,DistributedEnergy,1995,0.0,0.0,0.0,0.0,0.0
NOS0_electrolyzer,NOS0,2030,DistributedEnergy,1995,0.0,0.0,0.0,0.0,0.0
CH00_electrolyzer,CH00,2030,DistributedEnergy,2008,9.999723715736764e-09,0.0,9.999723715736764e-09,9.999723715736764e-06,0.0
IT00_electrolyzer,IT00,2030,DistributedEnergy,2008,-2415.143297,12518.262973809999,-14933.40627081,33194672.494340003,48128.07876515
DE00_electrolyzer,DE00,2030,DistributedEnergy,2008,-19574.46301028,22732.00223681,-42306.465247090004,80095327.01291,122401.79226
FR00_electrolyzer,FR00,2030,DistributedEnergy,2008,0.0,3276.5335459899984,-3276.5335459899984,26102741.98352,29379.27552951
AT00_electrolyzer,AT00,2030,DistributedEnergy,2008,-2193.7222148399997,0.0,-2193.7222148399997,6191733.863250001,8385.456078090001
DKE1_electrolyzer,DKE1,2030,DistributedEnergy,2008,-8643.317632069997,-9198.92270894,555.6050768700024,1327463.1990300023,771.85812216
DKW1_electrolyzer,DKW1,2030,DistributedEnergy,2008,0.0,-636.8391988200001,636.8391988200001,1904891.8281100001,1268.05262929
BE00_electrolyzer,BE00,2030,DistributedEnergy,2008,7177.15171762,4243.78671552,2933.3650021000003,11574169.926509999,8640.80492441
CZ00_electrolyzer,CZ00,2030,DistributedEnergy,2008,-2943.0418217899987,0.0,-2943.0418217899987,6453385.573290001,9396.42739508
ES00_electrolyzer,ES00,2030,DistributedEnergy,2008,7355.65456298,0.0,7355.65456298,22628858.754369996,15273.20419139
UK00_electrolyzer,UK00,2030,DistributedEnergy,2008,0.0,18102.89215683,-18102.89215683,21417754.047070004,39520.6462039
HU00_electrolyzer,HU00,2030,DistributedEnergy,2008,-2232.91626939,1035.9657,-3268.8819693899995,8003579.988119999,11272.461957509999
LU00_electrolyzer,LU00,2030,DistributedEnergy,2008,0.0,0.0,0.0,0.0,0.0
NL00_electrolyzer,NL00,2030,DistributedEnergy,2008,0.0,-8169.437725980001,8169.437725980001,35503831.698989995,27334.39397301
PL00_electrolyzer,PL00,2030,DistributedEnergy,2008,24811.950581269997,20104.56081388,4707.3897673899955,26901167.230169993,22193.77746278
PT00_electrolyzer,PT00,2030,DistributedEnergy,2008,0.0,-1890.0749398100002,1890.0749398100002,4622958.22305,2732.8832832400003
SI00_electrolyzer,SI00,2030,DistributedEnergy,2008,0.0,668.7982447099998,-668.7982447099998,828517.1065700002,1497.31535128
SK00_electrolyzer,SK00,2030,DistributedEnergy,2008,0.0,-343.14057358999963,343.14057358999963,4929654.80454,4586.51423095
HR00_electrolyzer,HR00,2030,DistributedEnergy,2008,1734.74069997,0.0,1734.74069997,4359729.4424600005,2624.9887424900003
SE01_electrolyzer,SE01,2030,DistributedEnergy,2008,6123.40227851,6394.24517112,-270.8428926100005,9.99949634206132e-06,270.84289262
SE02_electrolyzer,SE02,2030,DistributedEnergy,2008,8354.25975742,6123.40227851,2230.857478910001,3243544.4946700013,1012.68701576
SE03_electrolyzer,SE03,2030,DistributedEnergy,2008,10418.23065298,8354.25975742,2063.97089556,7365685.2718899995,5301.71437633
SE04_electrolyzer,SE04,2030,DistributedEnergy,2008,0.0,-5377.842538729998,5377.842538729998,6807518.325649997,1429.67578692
NON1_electrolyzer,NON1,2030,DistributedEnergy,2008,0.0,0.0,0.0,0.0,0.0
NOM1_electrolyzer,NOM1,2030,DistributedEnergy,2008,0.0,0.0,0.0,0.0,0.0
NOS0_electrolyzer,NOS0,2030,DistributedEnergy,2008,0.0,0.0,0.0,0.0,0.0
CH00_electrolyzer,CH00,2030,DistributedEnergy,2009,-9.999411076933029e-09,0.0,-9.999411076933029e-09,-9.999411076933029e-06,0.0
IT00_electrolyzer,IT00,2030,DistributedEnergy,2009,-2350.02978929,12374.44344011,-14724.4732294,33403605.53575,48128.07876515
DE00_electrolyzer,DE00,2030,DistributedEnergy,2009,-20399.54617981,21960.43129405,-42359.977473859995,80041814.78614001,122401.79226
FR00_electrolyzer,FR00,2030,DistributedEnergy,2009,0.0,4483.68676843,-4483.68676843,24895588.761079997,29379.27552951
AT00_electrolyzer,AT00,2030,DistributedEnergy,2009,-2210.5275016099995,0.0,-2210.5275016099995,6174928.576480001,8385.456078090001
DKE1_electrolyzer,DKE1,2030,DistributedEnergy,2009,-7764.4831859999995,-8170.5046324899995,406.02144649,1177879.56865,771.85812216
DKW1_electrolyzer,DKW1,2030,DistributedEnergy,2009,0.0,-265.39033761999997,265.39033761999997,1533442.96691,1268.05262929
BE00_electrolyzer,BE00,2030,DistributedEnergy,2009,7977.769332009999,5009.17806536,2968.591266649999,11609396.19106,8640.80492441
CZ00_electrolyzer,CZ00,2030,DistributedEnergy,2009,-2906.9078900700006,0.0,-2906.9078900700006,6489519.5050099995,9396.42739508
ES00_electrolyzer,ES00,2030,DistributedEnergy,2009,9152.059080179999,0.0,9152.059080179999,24425263.271569997,15273.20419139
UK00_electrolyzer,UK00,2030,DistributedEnergy,2009,0.0,19106.52448695,-19106.52448695,20414121.716950007,39520.6462039
HU00_electrolyzer,HU00,2030,DistributedEnergy,2009,-2234.4470631900003,1035.9657,-3270.41276319,8002049.194319999,11272.461957509999
LU00_electrolyzer,LU00,2030,DistributedEnergy,2009,0.0,0.0,0.0,0.0,0.0
NL00_electrolyzer,NL00,2030,DistributedEnergy,2009,0.0,-8244.0447783,8244.0447783,35578438.75131,27334.39397301
PL00_electrolyzer,PL00,2030,DistributedEnergy,2009,20844.14077081,16143.32604298,4700.814727830002,26894592.190610003,22193.77746278
PT00_electrolyzer,PT00,2030,DistributedEnergy,2009,0.0,-2348.178402,2348.178402,5081061.68524,2732.8832832400003
SI00_electrolyzer,SI00,2030,DistributedEnergy,2009,0.0,674.7776900700005,-674.7776900700005,822537.6612099995,1497.31535128
SK00_electrolyzer,SK00,2030,DistributedEnergy,2009,0.0,-339.81329671999765,339.81329671999765,4926327.527669997,4586.51423095
HR00_electrolyzer,HR00,2030,DistributedEnergy,2009,1734.74069997,0.0,1734.74069997,4359729.4424600005,2624.9887424900003
SE01_electrolyzer,SE01,2030,DistributedEnergy,2009,5694.59398694,5965.43687956,-270.8428926200004,-3.979039320256561e-10,270.84289262
SE02_electrolyzer,SE02,2030,DistributedEnergy,2009,7614.74265735,5694.59398694,1920.1486704099998,2932835.68617,1012.68701576
SE03_electrolyzer,SE03,2030,DistributedEnergy,2009,8606.16955083,7614.74265735,991.4268934800002,6293141.26981,5301.71437633
SE04_electrolyzer,SE04,2030,DistributedEnergy,2009,0.0,-4537.08544133,4537.08544133,5966761.228250001,1429.67578692
NON1_electrolyzer,NON1,2030,DistributedEnergy,2009,0.0,0.0,0.0,0.0,0.0
NOM1_electrolyzer,NOM1,2030,DistributedEnergy,2009,0.0,0.0,0.0,0.0,0.0
NOS0_electrolyzer,NOS0,2030,DistributedEnergy,2009,0.0,0.0,0.0,0.0,0.0
CH00_electrolyzer,CH00,2040,DistributedEnergy,1995,-1.0000478667393509e-08,0.0,-1.0000478667393509e-08,-1.0000478667393509e-05,0.0
IT00_electrolyzer,IT00,2040,DistributedEnergy,1995,571.81727129,126201.22843821,-125629.41116692,103387745.15052998,229017.15631745
DE00_electrolyzer,DE00,2040,DistributedEnergy,1995,-187573.73687812,74000.84282397,-261574.57970209,227649727.72594994,489224.30742803996
FR00_electrolyzer,FR00,2040,DistributedEnergy,1995,0.0,-59006.65526606001,59006.65526606001,173409291.62753,114402.63636147
AT00_electrolyzer,AT00,2040,DistributedEnergy,1995,-17765.61853705,0.0,-17765.61853705,17051785.35242,34817.40388947
DKE1_electrolyzer,DKE1,2040,DistributedEnergy,1995,-11424.72031145,-43399.03642388,31974.316112430002,38960706.61417001,6986.39050174
DKW1_electrolyzer,DKW1,2040,DistributedEnergy,1995,0.0,-60707.69152676,60707.69152676,72091937.81341,11384.24628665
BE00_electrolyzer,BE00,2040,DistributedEnergy,1995,-13538.663552880003,28148.14882628,-41686.81237916001,32549567.26658999,74236.37964575
CZ00_electrolyzer,CZ00,2040,DistributedEnergy,1995,-23947.235617470003,0.0,-23947.235617470003,18849497.19197,42796.73280944
ES00_electrolyzer,ES00,2040,DistributedEnergy,1995,36500.437880640005,5011.81226829,31488.625612350006,151398240.46157,119909.61484922
UK00_electrolyzer,UK00,2040,DistributedEnergy,1995,0.0,160981.34031256,-160981.34031256,67338715.88862999,228320.05620119
HU00_electrolyzer,HU00,2040,DistributedEnergy,1995,-23436.65929278,-2401.79076261,-21034.868530170002,20173032.20991,41207.900740080004
LU00_electrolyzer,LU00,2040,DistributedEnergy,1995,0.0,0.0,0.0,0.0,0.0
NL00_electrolyzer,NL00,2040,DistributedEnergy,1995,44371.29568465,-65319.41123564,109690.70692029,191905377.08349,82214.6701632
PL00_electrolyzer,PL00,2040,DistributedEnergy,1995,16541.23682466,49143.589498829984,-32602.352674169982,58397800.29136001,91000.15296553
PT00_electrolyzer,PT00,2040,DistributedEnergy,1995,0.0,-34706.31876922,34706.31876922,52003865.563209996,17297.54679399
SI00_electrolyzer,SI00,2040,DistributedEnergy,1995,0.0,3336.9235329400008,-3336.9235329400008,4740084.935259999,8077.0084682
SK00_electrolyzer,SK00,2040,DistributedEnergy,1995,0.0,8346.354682689998,-8346.354682689998,8954307.21722,17300.66189991
HR00_electrolyzer,HR00,2040,DistributedEnergy,1995,-1798.07340122,0.0,-1798.07340122,6975165.4312,8773.23883242
SE01_electrolyzer,SE01,2040,DistributedEnergy,1995,49224.35453417,36462.95077222001,12761.403761949994,16206735.426399995,3445.33166445
SE02_electrolyzer,SE02,2040,DistributedEnergy,1995,47563.46653312,49224.35453417,-1660.8880010499997,4465013.86765,6125.9018687
SE03_electrolyzer,SE03,2040,DistributedEnergy,1995,30446.07866249,47563.46653312,-17117.387870630002,10001065.64283,27118.45351346
SE04_electrolyzer,SE04,2040,DistributedEnergy,1995,0.0,1772.5478611500012,-1772.5478611500012,6740844.932629999,8513.39279378
NON1_electrolyzer,NON1,2040,DistributedEnergy,1995,0.0,0.0,0.0,0.0,0.0
NOM1_electrolyzer,NOM1,2040,DistributedEnergy,1995,0.0,0.0,0.0,0.0,0.0
NOS0_electrolyzer,NOS0,2040,DistributedEnergy,1995,0.0,0.0,0.0,0.0,0.0
CH00_electrolyzer,CH00,2040,DistributedEnergy,2008,-9.99855132022276e-09,0.0,-9.99855132022276e-09,-9.99855132022276e-06,0.0
IT00_electrolyzer,IT00,2040,DistributedEnergy,2008,671.7849111300001,124763.99312311999,-124092.20821198999,104746247.49754,228838.45570952998
DE00_electrolyzer,DE00,2040,DistributedEnergy,2008,-185923.41651208999,76424.14426251,-262347.5607746,226876746.65343994,489224.30742803996
FR00_electrolyzer,FR00,2040,DistributedEnergy,2008,0.0,-56885.957188700006,56885.957188700006,171288593.55017,114402.63636147
AT00_electrolyzer,AT00,2040,DistributedEnergy,2008,-17897.944434600002,0.0,-17897.944434600002,16919459.454869997,34817.40388947
DKE1_electrolyzer,DKE1,2040,DistributedEnergy,2008,-10003.358100650003,-42069.7555183,32066.397417649998,39052787.91939,6986.39050174
DKW1_electrolyzer,DKW1,2040,DistributedEnergy,2008,0.0,-57835.4805992,57835.4805992,69219726.88584998,11384.24628665
BE00_electrolyzer,BE00,2040,DistributedEnergy,2008,-11824.568718029994,30394.6269365,-42219.19565452999,32017183.99122001,74236.37964575
CZ00_electrolyzer,CZ00,2040,DistributedEnergy,2008,-23560.431328389997,0.0,-23560.431328389997,19236301.481050003,42796.73280944
ES00_electrolyzer,ES00,2040,DistributedEnergy,2008,34181.89465018999,6014.81913945,28167.075510739993,148076690.35996,119909.61484922
UK00_electrolyzer,UK00,2040,DistributedEnergy,2008,0.0,161114.91621589,-161114.91621589,67205139.98529999,228320.05620119
HU00_electrolyzer,HU00,2040,DistributedEnergy,2008,-22779.59459588,-2244.95657622,-20534.63801966,20673262.720420003,41207.900740080004
LU00_electrolyzer,LU00,2040,DistributedEnergy,2008,0.0,0.0,0.0,0.0,0.0
NL00_electrolyzer,NL00,2040,DistributedEnergy,2008,44476.43321969,-67990.31255239001,112466.74577208,194681415.93528,82214.6701632
PL00_electrolyzer,PL00,2040,DistributedEnergy,2008,12841.57596014,44371.281723249995,-31529.705763109996,59470447.20242,91000.15296553
PT00_electrolyzer,PT00,2040,DistributedEnergy,2008,0.0,-33087.772912090004,33087.772912090004,50385319.706080005,17297.54679399
SI00_electrolyzer,SI00,2040,DistributedEnergy,2008,0.0,3280.2195730500007,-3280.2195730500007,4796788.895149999,8077.0084682
SK00_electrolyzer,SK00,2040,DistributedEnergy,2008,0.0,8139.476627579999,-8139.476627579999,9161185.27233,17300.66189991
HR00_electrolyzer,HR00,2040,DistributedEnergy,2008,-1684.35814655,0.0,-1684.35814655,7088880.68587,8773.23883242
SE01_electrolyzer,SE01,2040,DistributedEnergy,2008,46352.18557442,34548.671721520004,11803.513852899996,15248845.517349998,3445.33166445
SE02_electrolyzer,SE02,2040,DistributedEnergy,2008,44618.13396657,46352.18557442,-1734.0516078500004,4391850.260849999,6125.9018687
SE03_electrolyzer,SE03,2040,DistributedEnergy,2008,27828.68560181,44618.13396657,-16789.44836476,10329005.148700003,27118.45351346
SE04_electrolyzer,SE04,2040,DistributedEnergy,2008,0.0,983.5847693300011,-983.5847693300011,7529808.0244499985,8513.39279378
NON1_electrolyzer,NON1,2040,DistributedEnergy,2008,0.0,0.0,0.0,0.0,0.0
NOM1_electrolyzer,NOM1,2040,DistributedEnergy,2008,0.0,0.0,0.0,0.0,0.0
NOS0_electrolyzer,NOS0,2040,DistributedEnergy,2008,0.0,0.0,0.0,0.0,0.0
CH00_electrolyzer,CH00,2040,DistributedEnergy,2009,-1.0003226691424061e-08,0.0,-1.0003226691424061e-08,-1.000322669142406e-05,0.0
IT00_electrolyzer,IT00,2040,DistributedEnergy,2009,1278.11824846,123539.18681867,-122261.06857021,110535631.56343998,232796.70013364998
DE00_electrolyzer,DE00,2040,DistributedEnergy,2009,-184314.71558470998,78390.86312478001,-262705.57870949,234470728.71854994,497176.30742803996
FR00_electrolyzer,FR00,2040,DistributedEnergy,2009,0.0,-56204.329098930015,56204.329098930015,178633965.46040002,122429.63636147
AT00_electrolyzer,AT00,2040,DistributedEnergy,2009,-18023.87110783,0.0,-18023.87110783,16874532.781639997,34898.40388947
DKE1_electrolyzer,DKE1,2040,DistributedEnergy,2009,-10284.72402678999,-41824.99885086,31540.27482407001,40230665.325810015,8690.39050174
DKW1_electrolyzer,DKW1,2040,DistributedEnergy,2009,0.0,-58471.3055684,58471.3055684,69855551.85505,11384.24628665
BE00_electrolyzer,BE00,2040,DistributedEnergy,2009,-12236.672962600003,29552.54347949,-41789.21644209,33925163.20366,75714.37964575
CZ00_electrolyzer,CZ00,2040,DistributedEnergy,2009,-23836.44967585,0.0,-23836.44967585,19856283.13359,43692.73280944
ES00_electrolyzer,ES00,2040,DistributedEnergy,2009,36231.498388110005,4915.53428733,31315.964100780006,153941578.95,122625.61484922
UK00_electrolyzer,UK00,2040,DistributedEnergy,2009,0.0,161694.98428898002,-161694.98428898002,66625071.91220997,228320.05620119
HU00_electrolyzer,HU00,2040,DistributedEnergy,2009,-23068.40203097,-2218.1337944,-20850.26823657,20598632.503510006,41448.900740080004
LU00_electrolyzer,LU00,2040,DistributedEnergy,2009,0.0,0.0,0.0,0.0,0.0
NL00_electrolyzer,NL00,2040,DistributedEnergy,2009,44788.89989952,-67111.84759097,111900.74749049,194115417.65369,82214.6701632
PL00_electrolyzer,PL00,2040,DistributedEnergy,2009,13130.56959898,46959.917619460015,-33829.348020480014,57730804.94504998,91560.15296553
PT00_electrolyzer,PT00,2040,DistributedEnergy,2009,0.0,-35181.217930169994,35181.217930169994,52478764.72415999,17297.54679399
SI00_electrolyzer,SI00,2040,DistributedEnergy,2009,0.0,3282.67806923,-3282.67806923,4911330.3989699995,8194.0084682
SK00_electrolyzer,SK00,2040,DistributedEnergy,2009,0.0,8286.577811570001,-8286.577811570001,9019084.088339997,17305.66189991
HR00_electrolyzer,HR00,2040,DistributedEnergy,2009,-1704.98873138,0.0,-1704.98873138,7068250.10104,8773.23883242
SE01_electrolyzer,SE01,2040,DistributedEnergy,2009,45939.0224066,33689.49488377001,12249.527522829994,17572859.187279996,5323.33166445
SE02_electrolyzer,SE02,2040,DistributedEnergy,2009,44189.2172467,45939.0224066,-1749.8051599000028,4376096.708799997,6125.9018687
SE03_electrolyzer,SE03,2040,DistributedEnergy,2009,27008.251954559997,44189.2172467,-17180.96529214,9937488.22132,27118.45351346
SE04_electrolyzer,SE04,2040,DistributedEnergy,2009,0.0,1421.8771081999996,-1421.8771081999996,7091515.68558,8513.39279378
NON1_electrolyzer,NON1,2040,DistributedEnergy,2009,0.0,0.0,0.0,0.0,0.0
NOM1_electrolyzer,NOM1,2040,DistributedEnergy,2009,0.0,0.0,0.0,0.0,0.0
NOS0_electrolyzer,NOS0,2040,DistributedEnergy,2009,0.0,0.0,0.0,0.0,0.0
CH00_electrolyzer,CH00,2050,DistributedEnergy,1995,-9.998984751291573e-09,0.0,-9.998984751291573e-09,-9.998984751291573e-06,0.0
IT00_electrolyzer,IT00,2050,DistributedEnergy,1995,2654.00376015,184033.95010192,-181379.94634177,105542491.39651999,286922.43773829
DE00_electrolyzer,DE00,2050,DistributedEnergy,1995,-218079.65618448996,130703.04060833999,-348782.69679282996,289639299.26825005,638421.99606108
FR00_electrolyzer,FR00,2050,DistributedEnergy,1995,0.0,-75482.84914737,75482.84914737,252651818.14244,177168.96899507
AT00_electrolyzer,AT00,2050,DistributedEnergy,1995,-29092.0942985,0.0,-29092.0942985,16950292.52266,46042.38682116
DKE1_electrolyzer,DKE1,2050,DistributedEnergy,1995,-15826.36908611999,-42314.50059445,26488.13150833001,38765216.55577001,12277.08504744
DKW1_electrolyzer,DKW1,2050,DistributedEnergy,1995,0.0,-80822.83314059999,80822.83314059999,100811250.04859999,19988.416908
BE00_electrolyzer,BE00,2050,DistributedEnergy,1995,-41923.21909074,37040.0730732,-78963.29216394,33740091.120919995,112703.38328486
CZ00_electrolyzer,CZ00,2050,DistributedEnergy,1995,-35353.94377782999,0.0,-35353.94377782999,17413685.316400014,52767.629094230004
ES00_electrolyzer,ES00,2050,DistributedEnergy,1995,24024.72240262,11708.85700134,12315.865401279998,199559075.76794997,187243.21036666998
UK00_electrolyzer,UK00,2050,DistributedEnergy,1995,0.0,75400.05116521001,-75400.05116521001,235915540.98673996,311315.59215195
HU00_electrolyzer,HU00,2050,DistributedEnergy,1995,-24436.6393726,3437.3747373899996,-27874.01410999,21812241.53216,49686.25564215
LU00_electrolyzer,LU00,2050,DistributedEnergy,1995,0.0,0.0,0.0,0.0,0.0
NL00_electrolyzer,NL00,2050,DistributedEnergy,1995,13108.11899672,-60001.652578220004,73109.77157494001,210368873.00653002,137259.10143159
PL00_electrolyzer,PL00,2050,DistributedEnergy,1995,7350.048816100001,37139.91318586001,-29789.864369760006,89196748.33803,118986.61270779
PT00_electrolyzer,PT00,2050,DistributedEnergy,1995,0.0,-42626.6104834,42626.6104834,71741578.04791999,29114.967564519997
SI00_electrolyzer,SI00,2050,DistributedEnergy,1995,0.0,6257.46095558,-6257.46095558,4714045.924690001,10971.50688027
SK00_electrolyzer,SK00,2050,DistributedEnergy,1995,0.0,15459.62443587002,-15459.62443587002,7030834.08625998,22490.45852213
HR00_electrolyzer,HR00,2050,DistributedEnergy,1995,5145.8749106099995,0.0,5145.8749106099995,17100321.028449997,11954.44611784
SE01_electrolyzer,SE01,2050,DistributedEnergy,1995,56739.373755810004,47189.9354182,9549.438337610001,14911375.2753,5361.9369376899995
SE02_electrolyzer,SE02,2050,DistributedEnergy,1995,53087.10065331,56739.373755810004,-3652.273102500003,5451032.8782199975,9103.30598072
SE03_electrolyzer,SE03,2050,DistributedEnergy,1995,27153.08703824,53087.10065331,-25934.013615070002,12122393.591440003,38056.407206510004
SE04_electrolyzer,SE04,2050,DistributedEnergy,1995,0.0,5211.206508899999,-5211.206508899999,7378891.78695,12590.098295849999
NON1_electrolyzer,NON1,2050,DistributedEnergy,1995,0.0,0.0,0.0,0.0,0.0
NOM1_electrolyzer,NOM1,2050,DistributedEnergy,1995,0.0,0.0,0.0,0.0,0.0
NOS0_electrolyzer,NOS0,2050,DistributedEnergy,1995,0.0,0.0,0.0,0.0,0.0
CH00_electrolyzer,CH00,2050,DistributedEnergy,2008,0.0,0.0,0.0,0.0,0.0
IT00_electrolyzer,IT00,2050,DistributedEnergy,2008,2309.0107665800006,185365.1368408,-183056.12607422,103855279.52646999,286911.40560069
DE00_electrolyzer,DE00,2050,DistributedEnergy,2008,-207855.59378991998,138361.53427342,-346217.12806334,292204867.99774003,638421.99606108
FR00_electrolyzer,FR00,2050,DistributedEnergy,2008,0.0,-72137.11769550004,72137.11769550004,249306086.69057006,177168.96899507
AT00_electrolyzer,AT00,2050,DistributedEnergy,2008,-29275.19433899,0.0,-29275.19433899,16767192.482169997,46042.38682116
DKE1_electrolyzer,DKE1,2050,DistributedEnergy,2008,-14090.308118110002,-41475.910494359996,27385.602376249994,39662687.42368999,12277.08504744
DKW1_electrolyzer,DKW1,2050,DistributedEnergy,2008,0.0,-77742.77119293,77742.77119293,97731188.10092999,19988.416908
BE00_electrolyzer,BE00,2050,DistributedEnergy,2008,-39160.135306820004,39983.39105566,-79143.52636248001,33559856.922379985,112703.38328486
CZ00_electrolyzer,CZ00,2050,DistributedEnergy,2008,-35392.9057963,0.0,-35392.9057963,17374723.297930002,52767.629094230004
ES00_electrolyzer,ES00,2050,DistributedEnergy,2008,18322.88989723,15022.99752882,3299.892368410001,190543102.73508,187243.21036666998
UK00_electrolyzer,UK00,2050,DistributedEnergy,2008,0.0,74913.69070049,-74913.69070049,236401901.45146,311315.59215195
HU00_electrolyzer,HU00,2050,DistributedEnergy,2008,-24411.458773929997,3355.08791826,-27766.546692189997,21919708.94996,49686.25564215
LU00_electrolyzer,LU00,2050,DistributedEnergy,2008,0.0,0.0,0.0,0.0,0.0
NL00_electrolyzer,NL00,2050,DistributedEnergy,2008,12725.527949799998,-60852.91542589,73578.44337569,210837544.80728,137259.10143159
PL00_electrolyzer,PL00,2050,DistributedEnergy,2008,3524.4865796799986,32535.430729619995,-29010.944149939998,89975668.55785,118986.61270779
PT00_electrolyzer,PT00,2050,DistributedEnergy,2008,0.0,-38139.24813275,38139.24813275,67254215.69727,29114.967564519997
SI00_electrolyzer,SI00,2050,DistributedEnergy,2008,0.0,6266.824192440001,-6266.824192440001,4704682.68783,10971.50688027
SK00_electrolyzer,SK00,2050,DistributedEnergy,2008,0.0,15505.292332870013,-15505.292332870013,6985166.189259987,22490.45852213
HR00_electrolyzer,HR00,2050,DistributedEnergy,2008,5133.30152404,0.0,5133.30152404,17087747.64188,11954.44611784
SE01_electrolyzer,SE01,2050,DistributedEnergy,2008,51439.001906469995,43059.055119799996,8379.94678667,13741883.724359998,5361.9369376899995
SE02_electrolyzer,SE02,2050,DistributedEnergy,2008,47825.44304675,51439.001906469995,-3613.5588597199967,5489747.121000004,9103.30598072
SE03_electrolyzer,SE03,2050,DistributedEnergy,2008,22534.06905509,47825.44304675,-25291.37399166,12765033.214850005,38056.407206510004
SE04_electrolyzer,SE04,2050,DistributedEnergy,2008,0.0,4304.599580690001,-4304.599580690001,8285498.715159998,12590.098295849999
NON1_electrolyzer,NON1,2050,DistributedEnergy,2008,0.0,0.0,0.0,0.0,0.0
NOM1_electrolyzer,NOM1,2050,DistributedEnergy,2008,0.0,0.0,0.0,0.0,0.0
NOS0_electrolyzer,NOS0,2050,DistributedEnergy,2008,0.0,0.0,0.0,0.0,0.0
CH00_electrolyzer,CH00,2050,DistributedEnergy,2009,-9.998984751291573e-09,0.0,-9.998984751291573e-09,-9.998984751291573e-06,0.0
IT00_electrolyzer,IT00,2050,DistributedEnergy,2009,3443.85644301,183399.19574835,-179955.33930534,131305103.32863002,311260.44263397
DE00_electrolyzer,DE00,2050,DistributedEnergy,2009,-205348.92975940002,144317.91852136998,-349666.84828077,308890147.78031003,658556.99606108
FR00_electrolyzer,FR00,2050,DistributedEnergy,2009,0.0,-66533.51081843999,66533.51081843999,253993479.81350997,187459.96899507
AT00_electrolyzer,AT00,2050,DistributedEnergy,2009,-29650.85889437,0.0,-29650.85889437,16698527.926789997,46349.38682116
DKE1_electrolyzer,DKE1,2050,DistributedEnergy,2009,-14633.047929729997,-40771.98819525,26138.940265520003,40601025.31296,14462.08504744
DKW1_electrolyzer,DKW1,2050,DistributedEnergy,2009,0.0,-77755.41379199999,77755.41379199999,97743830.69999999,19988.416908
BE00_electrolyzer,BE00,2050,DistributedEnergy,2009,-35442.28327959,43922.97011396,-79365.25339355,37060129.89131001,116425.38328486
CZ00_electrolyzer,CZ00,2050,DistributedEnergy,2009,-35625.60071473,0.0,-35625.60071473,19408028.379500005,55033.629094230004
ES00_electrolyzer,ES00,2050,DistributedEnergy,2009,22985.905518490006,11647.58950468,11338.316013810007,204664526.38047996,193326.21036666998
UK00_electrolyzer,UK00,2050,DistributedEnergy,2009,0.0,84969.86489399002,-84969.86489399002,226345727.25796,311315.59215195
HU00_electrolyzer,HU00,2050,DistributedEnergy,2009,-24016.5390991,3547.6650821900002,-27564.20418129,23348051.46086,50912.25564215
LU00_electrolyzer,LU00,2050,DistributedEnergy,2009,0.0,0.0,0.0,0.0,0.0
NL00_electrolyzer,NL00,2050,DistributedEnergy,2009,13923.77105032,-56716.012216129995,70639.78326644999,207898884.69804,137259.10143159
PL00_electrolyzer,PL00,2050,DistributedEnergy,2009,1206.1891163200007,36874.39326959,-35668.20415327,84731408.55452,120399.61270779
PT00_electrolyzer,PT00,2050,DistributedEnergy,2009,0.0,-43063.082095469996,43063.082095469996,72178049.65999,29114.967564519997
SI00_electrolyzer,SI00,2050,DistributedEnergy,2009,0.0,6200.963749099999,-6200.963749099999,5368543.131170001,11569.50688027
SK00_electrolyzer,SK00,2050,DistributedEnergy,2009,0.0,15473.637196950003,-15473.637196950003,7034821.325179997,22508.45852213
HR00_electrolyzer,HR00,2050,DistributedEnergy,2009,5305.338463080001,0.0,5305.338463080001,17259784.58092,11954.44611784
SE01_electrolyzer,SE01,2050,DistributedEnergy,2009,50989.14918971,41806.00828851,9183.1409012,16953077.83889,7769.9369376899995
SE02_electrolyzer,SE02,2050,DistributedEnergy,2009,47273.24255153,50989.14918971,-3715.9066381800003,5387399.342540001,9103.30598072
SE03_electrolyzer,SE03,2050,DistributedEnergy,2009,21666.24793459,47273.24255153,-25606.99461694,12449412.589570004,38056.407206510004
SE04_electrolyzer,SE04,2050,DistributedEnergy,2009,0.0,4698.013850010002,-4698.013850010002,7892084.445839997,12590.098295849999
NON1_electrolyzer,NON1,2050,DistributedEnergy,2009,0.0,0.0,0.0,0.0,0.0
NOM1_electrolyzer,NOM1,2050,DistributedEnergy,2009,0.0,0.0,0.0,0.0,0.0
NOS0_electrolyzer,NOS0,2050,DistributedEnergy,2009,0.0,0.0,0.0,0.0,0.0
CH00_electrolyzer,CH00,2030,GlobalAmbition,1995,0.0,0.0,0.0,0.0,0.0
IT00_electrolyzer,IT00,2030,GlobalAmbition,1995,-2315.9626162,5039.75393642,-7355.716552620001,41560690.077010006,48916.40662963
DE00_electrolyzer,DE00,2030,GlobalAmbition,1995,-12576.744497740001,5021.99568224,-17598.74017998,104870604.97856,122469.34515854
FR00_electrolyzer,FR00,2030,GlobalAmbition,1995,0.0,6239.977903389999,-6239.977903389999,29246427.730530005,35486.40563392
AT00_electrolyzer,AT00,2030,GlobalAmbition,1995,38.4901288799997,0.0,38.4901288799997,9321694.56937,9283.20444049
DKE1_electrolyzer,DKE1,2030,GlobalAmbition,1995,-6329.30155134,-6251.74304739,-77.55850394999925,1350572.7837900007,1428.13128774
DKW1_electrolyzer,DKW1,2030,GlobalAmbition,1995,0.0,-231.2343761499999,231.2343761499999,2534430.3949999996,2303.1960188499997
BE00_electrolyzer,BE00,2030,GlobalAmbition,1995,2102.2688848299986,5.12041232,2097.1484725099986,19901090.222389996,17803.94174988
CZ00_electrolyzer,CZ00,2030,GlobalAmbition,1995,-3516.28666591,0.0,-3516.28666591,10141320.38761,13657.60705352
ES00_electrolyzer,ES00,2030,GlobalAmbition,1995,5675.35467586,0.0,5675.35467586,23389136.853199996,17713.78217734
UK00_electrolyzer,UK00,2030,GlobalAmbition,1995,0.0,19662.050044999996,-19662.050044999996,26297157.86402,45959.20790902
HU00_electrolyzer,HU00,2030,GlobalAmbition,1995,2366.1415756399997,1837.69921308,528.4423625599998,11623096.670849998,11094.654308289999
LU00_electrolyzer,LU00,2030,GlobalAmbition,1995,0.0,0.0,0.0,0.0,0.0
NL00_electrolyzer,NL00,2030,GlobalAmbition,1995,0.0,-12973.32068877,12973.32068877,52810873.30562,39837.55261685
PL00_electrolyzer,PL00,2030,GlobalAmbition,1995,14061.64360104,5288.7728520400005,8772.870748999998,33388090.556509998,24615.219807510002
PT00_electrolyzer,PT00,2030,GlobalAmbition,1995,0.0,-260.64,260.64,4717376.882410001,4456.73688241
SI00_electrolyzer,SI00,2030,GlobalAmbition,1995,0.0,963.0855675799999,-963.0855675799999,882584.3142800004,1845.6698818600003
SK00_electrolyzer,SK00,2030,GlobalAmbition,1995,0.0,-1741.9171801299992,1741.9171801299992,6559008.921369999,4817.0917412399995
HR00_electrolyzer,HR00,2030,GlobalAmbition,1995,2536.25485502,0.0,2536.25485502,5295235.65048,2758.98079546
SE01_electrolyzer,SE01,2030,GlobalAmbition,1995,1176.69083144,1640.2628902899999,-463.57205884999985,73837.14878000024,537.4092076300001
SE02_electrolyzer,SE02,2030,GlobalAmbition,1995,2827.48996595,1176.69083144,1650.7991345100002,2971098.2225699998,1320.29908806
SE03_electrolyzer,SE03,2030,GlobalAmbition,1995,1575.29433066,2827.48996595,-1252.1956352900002,4788104.14605,6040.29978134
SE04_electrolyzer,SE04,2030,GlobalAmbition,1995,0.0,-2249.76907836,2249.76907836,4082582.4258000003,1832.8133474400001
NON1_electrolyzer,NON1,2030,GlobalAmbition,1995,0.0,0.0,0.0,0.0,0.0
NOM1_electrolyzer,NOM1,2030,GlobalAmbition,1995,0.0,0.0,0.0,0.0,0.0
NOS0_electrolyzer,NOS0,2030,GlobalAmbition,1995,0.0,0.0,0.0,0.0,0.0
CH00_electrolyzer,CH00,2030,GlobalAmbition,2008,1.1368683772161603e-12,0.0,1.1368683772161603e-12,1.1368683772161603e-09,0.0
IT00_electrolyzer,IT00,2030,GlobalAmbition,2008,-2473.5486266099997,5140.6580756,-7614.20670221,41302199.92742,48916.40662963
DE00_electrolyzer,DE00,2030,GlobalAmbition,2008,-12663.06157785,4902.74026858,-17565.80184643,104903543.31211,122469.34515854
FR00_electrolyzer,FR00,2030,GlobalAmbition,2008,0.0,6361.143544840002,-6361.143544840002,29125262.089080002,35486.40563392
AT00_electrolyzer,AT00,2030,GlobalAmbition,2008,25.960284940000292,0.0,25.960284940000292,9309164.72543,9283.20444049
DKE1_electrolyzer,DKE1,2030,GlobalAmbition,2008,-5993.42092739,-5945.6480219899995,-47.77290540000013,1380358.38234,1428.13128774
DKW1_electrolyzer,DKW1,2030,GlobalAmbition,2008,0.0,-355.26885732000005,355.26885732000005,2658464.87617,2303.1960188499997
BE00_electrolyzer,BE00,2030,GlobalAmbition,2008,2133.9729746699995,11.74774901,2122.2252256599995,19926166.97554,17803.94174988
CZ00_electrolyzer,CZ00,2030,GlobalAmbition,2008,-3541.3441387700004,0.0,-3541.3441387700004,10116262.914749999,13657.60705352
ES00_electrolyzer,ES00,2030,GlobalAmbition,2008,5364.78900275,0.0,5364.78900275,23078571.18009,17713.78217734
UK00_electrolyzer,UK00,2030,GlobalAmbition,2008,0.0,18833.29261596,-18833.29261596,27125915.29306,45959.20790902
HU00_electrolyzer,HU00,2030,GlobalAmbition,2008,2387.238511,1848.86590644,538.3726045600001,11633026.912849998,11094.654308289999
LU00_electrolyzer,LU00,2030,GlobalAmbition,2008,0.0,0.0,0.0,0.0,0.0
NL00_electrolyzer,NL00,2030,GlobalAmbition,2008,0.0,-13300.93194389,13300.93194389,53138484.56074,39837.55261685
PL00_electrolyzer,PL00,2030,GlobalAmbition,2008,13377.671551270001,4556.00762128,8821.663929990002,33436883.7375,24615.219807510002
PT00_electrolyzer,PT00,2030,GlobalAmbition,2008,0.0,-260.58000000000004,260.58000000000004,4717316.88241,4456.73688241
SI00_electrolyzer,SI00,2030,GlobalAmbition,2008,0.0,963.0855675800003,-963.0855675800003,882584.3142799999,1845.6698818600003
SK00_electrolyzer,SK00,2030,GlobalAmbition,2008,0.0,-1764.3938970199983,1764.3938970199983,6581485.638259998,4817.0917412399995
HR00_electrolyzer,HR00,2030,GlobalAmbition,2008,2547.6153701599997,0.0,2547.6153701599997,5306596.16562,2758.98079546
SE01_electrolyzer,SE01,2030,GlobalAmbition,2008,1217.33603851,1680.90809736,-463.5720588500001,73837.14878,537.4092076300001
SE02_electrolyzer,SE02,2030,GlobalAmbition,2008,2743.92190349,1217.33603851,1526.5858649800002,2846884.95304,1320.29908806
SE03_electrolyzer,SE03,2030,GlobalAmbition,2008,1147.13993506,2743.92190349,-1596.7819684300002,4443517.81291,6040.29978134
SE04_electrolyzer,SE04,2030,GlobalAmbition,2008,0.0,-2143.22919954,2143.22919954,3976042.54698,1832.8133474400001
NON1_electrolyzer,NON1,2030,GlobalAmbition,2008,0.0,0.0,0.0,0.0,0.0
NOM1_electrolyzer,NOM1,2030,GlobalAmbition,2008,0.0,0.0,0.0,0.0,0.0
NOS0_electrolyzer,NOS0,2030,GlobalAmbition,2008,0.0,0.0,0.0,0.0,0.0
CH00_electrolyzer,CH00,2030,GlobalAmbition,2009,-1.000012161966879e-08,0.0,-1.000012161966879e-08,-1.000012161966879e-05,0.0
IT00_electrolyzer,IT00,2030,GlobalAmbition,2009,-2409.29306992,5079.0390642,-7488.332134120001,41428074.495510004,48916.40662963
DE00_electrolyzer,DE00,2030,GlobalAmbition,2009,-12153.49282797,5561.969390900001,-17715.46221887,104753882.93967,122469.34515854
FR00_electrolyzer,FR00,2030,GlobalAmbition,2009,0.0,4896.3948506299985,-4896.3948506299985,30590010.783290002,35486.40563392
AT00_electrolyzer,AT00,2030,GlobalAmbition,2009,31.90059846000031,0.0,31.90059846000031,9315105.038950002,9283.20444049
DKE1_electrolyzer,DKE1,2030,GlobalAmbition,2009,-5647.28765418,-5493.7247836999995,-153.56287048000013,1274568.41726,1428.13128774
DKW1_electrolyzer,DKW1,2030,GlobalAmbition,2009,0.0,85.96695896000006,-85.96695896000006,2217229.05989,2303.1960188499997
BE00_electrolyzer,BE00,2030,GlobalAmbition,2009,2152.7009906200037,14.99234836,2137.7086422600037,19941650.392140005,17803.94174988
CZ00_electrolyzer,CZ00,2030,GlobalAmbition,2009,-3517.767344429998,0.0,-3517.767344429998,10139839.709090002,13657.60705352
ES00_electrolyzer,ES00,2030,GlobalAmbition,2009,5916.242956949999,0.0,5916.242956949999,23630025.13429,17713.78217734
UK00_electrolyzer,UK00,2030,GlobalAmbition,2009,0.0,19669.822004690002,-19669.822004690002,26289385.904329997,45959.20790902
HU00_electrolyzer,HU00,2030,GlobalAmbition,2009,2392.2729637400003,1850.92918326,541.3437804800003,11635998.088769998,11094.654308289999
LU00_electrolyzer,LU00,2030,GlobalAmbition,2009,0.0,0.0,0.0,0.0,0.0
NL00_electrolyzer,NL00,2030,GlobalAmbition,2009,0.0,-13199.29908166,13199.29908166,53036851.69851,39837.55261685
PL00_electrolyzer,PL00,2030,GlobalAmbition,2009,13053.5127746,4022.2954838500004,9031.217290749999,33646437.09826,24615.219807510002
PT00_electrolyzer,PT00,2030,GlobalAmbition,2009,0.0,-260.59297448,260.59297448,4717329.85689,4456.73688241
SI00_electrolyzer,SI00,2030,GlobalAmbition,2009,0.0,963.0855675800003,-963.0855675800003,882584.3142799999,1845.6698818600003
SK00_electrolyzer,SK00,2030,GlobalAmbition,2009,0.0,-1765.8423319799983,1765.8423319799983,6582934.073219998,4817.0917412399995
HR00_electrolyzer,HR00,2030,GlobalAmbition,2009,2549.68615062,0.0,2549.68615062,5308666.94608,2758.98079546
SE01_electrolyzer,SE01,2030,GlobalAmbition,2009,1107.0539673899998,1570.62602624,-463.5720588500003,73837.14877999978,537.4092076300001
SE02_electrolyzer,SE02,2030,GlobalAmbition,2009,2495.0315001199997,1107.0539673899998,1387.97753273,2708276.62079,1320.29908806
SE03_electrolyzer,SE03,2030,GlobalAmbition,2009,1188.1708862399998,2495.0315001199997,-1306.8606138799998,4733439.16746,6040.29978134
SE04_electrolyzer,SE04,2030,GlobalAmbition,2009,0.0,-2118.5521056400003,2118.5521056400003,3951365.4530800004,1832.8133474400001
NON1_electrolyzer,NON1,2030,GlobalAmbition,2009,0.0,0.0,0.0,0.0,0.0
NOM1_electrolyzer,NOM1,2030,GlobalAmbition,2009,0.0,0.0,0.0,0.0,0.0
NOS0_electrolyzer,NOS0,2030,GlobalAmbition,2009,0.0,0.0,0.0,0.0,0.0
CH00_electrolyzer,CH00,2040,GlobalAmbition,1995,9.094947017729282e-13,0.0,9.094947017729282e-13,9.094947017729282e-10,0.0
IT00_electrolyzer,IT00,2040,GlobalAmbition,1995,4839.12037155,167465.61395613,-162626.49358458,92891140.70825997,255517.63429283997
DE00_electrolyzer,DE00,2040,GlobalAmbition,1995,-156641.19802190998,166873.10536269,-323514.3033846,202746396.98920003,526260.7003738
FR00_electrolyzer,FR00,2040,GlobalAmbition,1995,0.0,-62547.46149895,62547.46149895,213308975.09555,150761.5135966
AT00_electrolyzer,AT00,2040,GlobalAmbition,1995,-15139.53854818,0.0,-15139.53854818,12421066.297050001,27560.604845230002
DKE1_electrolyzer,DKE1,2040,GlobalAmbition,1995,-9810.200356059999,-6346.689373189999,-3463.5109828699997,3782143.2839100007,7245.65426678
DKW1_electrolyzer,DKW1,2040,GlobalAmbition,1995,0.0,-28294.251863999998,28294.251863999998,40147251.39936,11852.99953536
BE00_electrolyzer,BE00,2040,GlobalAmbition,1995,5889.949865729999,30011.67454648,-24121.72468075,21539763.440419998,45661.48812117
CZ00_electrolyzer,CZ00,2040,GlobalAmbition,1995,-47026.50194771,0.0,-47026.50194771,23308081.482399996,70334.58343011
ES00_electrolyzer,ES00,2040,GlobalAmbition,1995,39510.55538945,35526.99374472,3983.561644729998,101362342.2293,97378.78058457
UK00_electrolyzer,UK00,2040,GlobalAmbition,1995,0.0,147800.55573706998,-147800.55573706998,74561080.85224998,222361.63658931997
HU00_electrolyzer,HU00,2040,GlobalAmbition,1995,-27625.27676238,-1030.17056028,-26595.1062021,17005469.05587,43600.57525797
LU00_electrolyzer,LU00,2040,GlobalAmbition,1995,0.0,0.0,0.0,0.0,0.0
NL00_electrolyzer,NL00,2040,GlobalAmbition,1995,0.0,-81354.75356972,81354.75356972,174067811.46177998,92713.05789206
PL00_electrolyzer,PL00,2040,GlobalAmbition,1995,6706.6704011,61108.80740866,-54402.13700756,38676840.78378,93078.97779134
PT00_electrolyzer,PT00,2040,GlobalAmbition,1995,0.0,-17268.07971315,17268.07971315,33359592.830249995,16091.5131171
SI00_electrolyzer,SI00,2040,GlobalAmbition,1995,0.0,4857.22181651,-4857.22181651,3327465.3642100003,8184.6871807200005
SK00_electrolyzer,SK00,2040,GlobalAmbition,1995,0.0,7749.538856080009,-7749.538856080009,7051823.83010999,14801.36268619
HR00_electrolyzer,HR00,2040,GlobalAmbition,1995,-2117.73224601,0.0,-2117.73224601,5121574.31217,7239.30655818
SE01_electrolyzer,SE01,2040,GlobalAmbition,1995,42002.16518636,20953.85725435,21048.307932009997,24130679.2662,3082.37133419
SE02_electrolyzer,SE02,2040,GlobalAmbition,1995,40584.95758144,42002.16518636,-1417.2076049199968,4477620.445040003,5894.8280499600005
SE03_electrolyzer,SE03,2040,GlobalAmbition,1995,22741.13370642,40584.95758144,-17843.82387502,11992354.31276,29836.17818778
SE04_electrolyzer,SE04,2040,GlobalAmbition,1995,0.0,-1769.88943354,1769.88943354,10055392.4098,8285.50297626
NON1_electrolyzer,NON1,2040,GlobalAmbition,1995,0.0,0.0,0.0,0.0,0.0
NOM1_electrolyzer,NOM1,2040,GlobalAmbition,1995,0.0,0.0,0.0,0.0,0.0
NOS0_electrolyzer,NOS0,2040,GlobalAmbition,1995,0.0,0.0,0.0,0.0,0.0
CH00_electrolyzer,CH00,2040,GlobalAmbition,2008,2.2737367544323206e-12,0.0,2.2737367544323206e-12,2.2737367544323206e-09,0.0
IT00_electrolyzer,IT00,2040,GlobalAmbition,2008,4564.33147371,168170.25340681,-163605.9219331,91653389.09290001,255259.311026
DE00_electrolyzer,DE00,2040,GlobalAmbition,2008,-157105.60164679997,166173.02422128,-323278.62586807995,202982074.50572005,526260.7003738
FR00_electrolyzer,FR00,2040,GlobalAmbition,2008,0.0,-63539.699612669996,63539.699612669996,214301213.20927,150761.5135966
AT00_electrolyzer,AT00,2040,GlobalAmbition,2008,-15149.27511082,0.0,-15149.27511082,12411329.734410003,27560.604845230002
DKE1_electrolyzer,DKE1,2040,GlobalAmbition,2008,-7428.0735394400035,-3896.4967148999995,-3531.576824540004,3714077.4422399965,7245.65426678
DKW1_electrolyzer,DKW1,2040,GlobalAmbition,2008,0.0,-27685.9187441,27685.9187441,39538918.27946,11852.99953536
BE00_electrolyzer,BE00,2040,GlobalAmbition,2008,8284.377523419993,32401.19965604,-24116.822132620007,21544665.98854999,45661.48812117
CZ00_electrolyzer,CZ00,2040,GlobalAmbition,2008,-47202.75544935001,0.0,-47202.75544935001,23131827.98075999,70334.58343011
ES00_electrolyzer,ES00,2040,GlobalAmbition,2008,36633.54032213,39912.40584043,-3278.865518300001,94099915.06627001,97378.78058457
UK00_electrolyzer,UK00,2040,GlobalAmbition,2008,0.0,147547.93731498,-147547.93731498,74813699.27433997,222361.63658931997
HU00_electrolyzer,HU00,2040,GlobalAmbition,2008,-27424.136341280002,-910.4444690199999,-26513.691872260002,17086883.385709997,43600.57525797
LU00_electrolyzer,LU00,2040,GlobalAmbition,2008,0.0,0.0,0.0,0.0,0.0
NL00_electrolyzer,NL00,2040,GlobalAmbition,2008,0.0,-83025.74078448,83025.74078448,175738798.67654,92713.05789206
PL00_electrolyzer,PL00,2040,GlobalAmbition,2008,5931.059948259999,60330.849980520004,-54399.79003226,38679187.75908,93078.97779134
PT00_electrolyzer,PT00,2040,GlobalAmbition,2008,0.0,-13164.46720284,13164.46720284,29255980.319939997,16091.5131171
SI00_electrolyzer,SI00,2040,GlobalAmbition,2008,0.0,4876.27947878,-4876.27947878,3308407.70194,8184.6871807200005
SK00_electrolyzer,SK00,2040,GlobalAmbition,2008,0.0,7778.461865539989,-7778.461865539989,7022900.82065001,14801.36268619
HR00_electrolyzer,HR00,2040,GlobalAmbition,2008,-2079.57262086,0.0,-2079.57262086,5159733.9373200005,7239.30655818
SE01_electrolyzer,SE01,2040,GlobalAmbition,2008,40294.918569299996,19730.843872,20564.074697299995,23646446.031489994,3082.37133419
SE02_electrolyzer,SE02,2040,GlobalAmbition,2008,38861.27612585,40294.918569299996,-1433.6424434499932,4461185.606510008,5894.8280499600005
SE03_electrolyzer,SE03,2040,GlobalAmbition,2008,20945.87272045,38861.27612585,-17915.403405400004,11920774.782379994,29836.17818778
SE04_electrolyzer,SE04,2040,GlobalAmbition,2008,0.0,-1886.4294599900022,1886.4294599900022,10171932.436250003,8285.50297626
NON1_electrolyzer,NON1,2040,GlobalAmbition,2008,0.0,0.0,0.0,0.0,0.0
NOM1_electrolyzer,NOM1,2040,GlobalAmbition,2008,0.0,0.0,0.0,0.0,0.0
NOS0_electrolyzer,NOS0,2040,GlobalAmbition,2008,0.0,0.0,0.0,0.0,0.0
CH00_electrolyzer,CH00,2040,GlobalAmbition,2009,9.997847882914357e-09,0.0,9.997847882914357e-09,9.997847882914357e-06,0.0
IT00_electrolyzer,IT00,2040,GlobalAmbition,2009,4752.146449229999,165570.30189709,-160818.15544786,99767259.04228,260585.41449013998
DE00_electrolyzer,DE00,2040,GlobalAmbition,2009,-147690.45356222,175946.22099869,-323636.67456091,202624025.81289002,526260.7003738
FR00_electrolyzer,FR00,2040,GlobalAmbition,2009,0.0,-57947.96675095999,57947.96675095999,208709480.34756,150761.5135966
AT00_electrolyzer,AT00,2040,GlobalAmbition,2009,-15400.391146969998,0.0,-15400.391146969998,12160213.698260004,27560.604845230002
DKE1_electrolyzer,DKE1,2040,GlobalAmbition,2009,-7172.635755870004,-3695.69920977,-3476.936546100004,4977717.720679997,8454.65426678
DKW1_electrolyzer,DKW1,2040,GlobalAmbition,2009,0.0,-27760.15642605,27760.15642605,39613155.96141,11852.99953536
BE00_electrolyzer,BE00,2040,GlobalAmbition,2009,7144.699340479994,31540.19449722,-24395.495156740006,21265992.964429993,45661.48812117
CZ00_electrolyzer,CZ00,2040,GlobalAmbition,2009,-47341.85890619001,0.0,-47341.85890619001,23284724.523919985,70626.58343011
ES00_electrolyzer,ES00,2040,GlobalAmbition,2009,39430.178094350005,35908.80063035,3521.3774640000047,112834158.04857,109312.78058457
UK00_electrolyzer,UK00,2040,GlobalAmbition,2009,0.0,150073.02415791998,-150073.02415791998,72288612.43139999,222361.63658931997
HU00_electrolyzer,HU00,2040,GlobalAmbition,2009,-26908.7097286,-762.6206220299999,-26146.089106569998,17454486.1514,43600.57525797
LU00_electrolyzer,LU00,2040,GlobalAmbition,2009,0.0,0.0,0.0,0.0,0.0
NL00_electrolyzer,NL00,2040,GlobalAmbition,2009,0.0,-76842.62486687,76842.62486687,169555682.75893,92713.05789206
PL00_electrolyzer,PL00,2040,GlobalAmbition,2009,1934.1275714000003,56659.53668494,-54725.40911354,38353568.6778,93078.97779134
PT00_electrolyzer,PT00,2040,GlobalAmbition,2009,0.0,-17438.16153701,17438.16153701,33529674.65411,16091.5131171
SI00_electrolyzer,SI00,2040,GlobalAmbition,2009,0.0,4724.790941509999,-4724.790941509999,3807896.239210001,8532.68718072
SK00_electrolyzer,SK00,2040,GlobalAmbition,2009,0.0,7638.408640469999,-7638.408640469999,7351954.04572,14990.36268619
HR00_electrolyzer,HR00,2040,GlobalAmbition,2009,-1858.79416867,0.0,-1858.79416867,6091512.38951,7950.30655818
SE01_electrolyzer,SE01,2040,GlobalAmbition,2009,38433.53596986,18253.45626833,20180.07970153,24602451.035720002,4422.37133419
SE02_electrolyzer,SE02,2040,GlobalAmbition,2009,36939.276267270005,38433.53596986,-1494.2597025899959,4400568.347370004,5894.8280499600005
SE03_electrolyzer,SE03,2040,GlobalAmbition,2009,18624.71539738,36939.276267270005,-18314.560869890003,11521617.317889996,29836.17818778
SE04_electrolyzer,SE04,2040,GlobalAmbition,2009,0.0,-1510.6454951999995,1510.6454951999995,9796148.471460002,8285.50297626
NON1_electrolyzer,NON1,2040,GlobalAmbition,2009,0.0,0.0,0.0,0.0,0.0
NOM1_electrolyzer,NOM1,2040,GlobalAmbition,2009,0.0,0.0,0.0,0.0,0.0
NOS0_electrolyzer,NOS0,2040,GlobalAmbition,2009,0.0,0.0,0.0,0.0,0.0
CH00_electrolyzer,CH00,2050,GlobalAmbition,1995,3.637978807091713e-12,0.0,3.637978807091713e-12,3.637978807091713e-09,0.0
IT00_electrolyzer,IT00,2050,GlobalAmbition,1995,7396.88486999,279665.14669412,-272268.26182413,75015963.72587991,347284.2255500099
DE00_electrolyzer,DE00,2050,GlobalAmbition,1995,-197734.83658241,296797.81507611996,-494532.65165853,258402077.68128997,752934.72933982
FR00_electrolyzer,FR00,2050,GlobalAmbition,1995,0.0,-53413.995645999996,53413.995645999996,375782654.4478499,322368.65880185
AT00_electrolyzer,AT00,2050,GlobalAmbition,1995,-47867.05671855,0.0,-47867.05671855,11158000.621979998,59025.057340529995
DKE1_electrolyzer,DKE1,2050,GlobalAmbition,1995,1428.3995098299947,-16080.613409230002,17509.01291906,32480725.925309997,14971.71300625
DKW1_electrolyzer,DKW1,2050,GlobalAmbition,1995,0.0,-75722.7858201,75722.7858201,100257716.21895,24534.93039885
BE00_electrolyzer,BE00,2050,GlobalAmbition,1995,-7729.46219767,57606.39541657,-65335.85761424,18401540.248370003,83737.39786261
CZ00_electrolyzer,CZ00,2050,GlobalAmbition,1995,-51831.53950730999,0.0,-51831.53950730999,12565646.015890008,64397.1855232
ES00_electrolyzer,ES00,2050,GlobalAmbition,1995,39386.934045300004,50140.55651722,-10753.622471919996,216174177.55789,226927.80002981
UK00_electrolyzer,UK00,2050,GlobalAmbition,1995,0.0,161632.80381130002,-161632.80381130002,232852548.63475996,394485.35244606
HU00_electrolyzer,HU00,2050,GlobalAmbition,1995,-58351.485228859994,-11526.980069879999,-46824.50515898,10585411.960950006,57409.91711993
LU00_electrolyzer,LU00,2050,GlobalAmbition,1995,0.0,0.0,0.0,0.0,0.0
NL00_electrolyzer,NL00,2050,GlobalAmbition,1995,0.0,-99034.90352344,99034.90352344,316684251.86267,217649.34833923
PL00_electrolyzer,PL00,2050,GlobalAmbition,1995,-13884.879905450001,110699.48192119002,-124584.36182664002,40053620.79024997,164637.98261689
PT00_electrolyzer,PT00,2050,GlobalAmbition,1995,0.0,-19206.100420739996,19206.100420739996,58299785.75041,39093.68532967
SI00_electrolyzer,SI00,2050,GlobalAmbition,1995,0.0,9087.00525736,-9087.00525736,2622312.8585199993,11709.31811588
SK00_electrolyzer,SK00,2050,GlobalAmbition,1995,0.0,22688.24255008,-22688.24255008,4804376.25899,27492.618809069998
HR00_electrolyzer,HR00,2050,GlobalAmbition,1995,-10618.00588172,0.0,-10618.00588172,2754854.43293,13372.86031465
SE01_electrolyzer,SE01,2050,GlobalAmbition,1995,55385.60470183,29347.40673542,26038.19796641,31531905.68648,5493.7077200700005
SE02_electrolyzer,SE02,2050,GlobalAmbition,1995,58618.59293689,55385.60470183,3232.988235060002,12791575.427640002,9558.58719258
SE03_electrolyzer,SE03,2050,GlobalAmbition,1995,19825.82609205,58618.59293689,-38792.76684484001,10003770.896909991,48796.53774175
SE04_electrolyzer,SE04,2050,GlobalAmbition,1995,0.0,4686.549492709997,-4686.549492709997,8763444.273650002,13449.99376636
NON1_electrolyzer,NON1,2050,GlobalAmbition,1995,0.0,0.0,0.0,0.0,0.0
NOM1_electrolyzer,NOM1,2050,GlobalAmbition,1995,0.0,0.0,0.0,0.0,0.0
NOS0_electrolyzer,NOS0,2050,GlobalAmbition,1995,0.0,0.0,0.0,0.0,0.0
CH00_electrolyzer,CH00,2050,GlobalAmbition,2008,0.0,0.0,0.0,0.0,0.0
IT00_electrolyzer,IT00,2050,GlobalAmbition,2008,7112.54912609,280495.29325436003,-273382.74412827,73696160.85363995,347078.90498190996
DE00_electrolyzer,DE00,2050,GlobalAmbition,2008,-194411.17200382,297774.83403711003,-492186.00604093005,260748723.29888994,752934.72933982
FR00_electrolyzer,FR00,2050,GlobalAmbition,2008,0.0,-53283.33070957,53283.33070957,375651989.51142,322368.65880185
AT00_electrolyzer,AT00,2050,GlobalAmbition,2008,-47821.01771771,0.0,-47821.01771771,11204039.622819997,59025.057340529995
DKE1_electrolyzer,DKE1,2050,GlobalAmbition,2008,7288.088566340008,-10698.259433249998,17986.347999590005,32958061.005840003,14971.71300625
DKW1_electrolyzer,DKW1,2050,GlobalAmbition,2008,0.0,-73750.28996293999,73750.28996293999,98285220.36179,24534.93039885
BE00_electrolyzer,BE00,2050,GlobalAmbition,2008,-4697.709949880002,60730.87775157,-65428.58770145,18308810.16116,83737.39786261
CZ00_electrolyzer,CZ00,2050,GlobalAmbition,2008,-51962.19356869999,0.0,-51962.19356869999,12434991.954500008,64397.1855232
ES00_electrolyzer,ES00,2050,GlobalAmbition,2008,32783.176502079994,61856.17455486,-29072.998052780007,197854801.97703,226927.80002981
UK00_electrolyzer,UK00,2050,GlobalAmbition,2008,0.0,158806.37635931,-158806.37635931,235678976.08675,394485.35244606
HU00_electrolyzer,HU00,2050,GlobalAmbition,2008,-57620.3604308,-10748.71543549,-46871.64499531,10538272.124620002,57409.91711993
LU00_electrolyzer,LU00,2050,GlobalAmbition,2008,0.0,0.0,0.0,0.0,0.0
NL00_electrolyzer,NL00,2050,GlobalAmbition,2008,0.0,-102380.62161303,102380.62161303,320029969.95226,217649.34833923
PL00_electrolyzer,PL00,2050,GlobalAmbition,2008,-16976.3757769,107333.42647012,-124309.80224702001,40328180.36986998,164637.98261689
PT00_electrolyzer,PT00,2050,GlobalAmbition,2008,0.0,-13254.491303719999,13254.491303719999,52348176.63339,39093.68532967
SI00_electrolyzer,SI00,2050,GlobalAmbition,2008,0.0,9073.89042005,-9073.89042005,2635427.6958299996,11709.31811588
SK00_electrolyzer,SK00,2050,GlobalAmbition,2008,0.0,22757.415643230008,-22757.415643230008,4735203.16583999,27492.618809069998
HR00_electrolyzer,HR00,2050,GlobalAmbition,2008,-10581.063590749998,0.0,-10581.063590749998,2791796.723900003,13372.86031465
SE01_electrolyzer,SE01,2050,GlobalAmbition,2008,50375.037465,26597.31099907,23777.72646593,29271434.186,5493.7077200700005
SE02_electrolyzer,SE02,2050,GlobalAmbition,2008,53626.37374064,50375.037465,3251.336275640002,12809923.468220003,9558.58719258
SE03_electrolyzer,SE03,2050,GlobalAmbition,2008,14910.45263081,53626.37374064,-38715.92110983,10080616.631919999,48796.53774175
SE04_electrolyzer,SE04,2050,GlobalAmbition,2008,0.0,4585.91175951,-4585.91175951,8864082.00685,13449.99376636
NON1_electrolyzer,NON1,2050,GlobalAmbition,2008,0.0,0.0,0.0,0.0,0.0
NOM1_electrolyzer,NOM1,2050,GlobalAmbition,2008,0.0,0.0,0.0,0.0,0.0
NOS0_electrolyzer,NOS0,2050,GlobalAmbition,2008,0.0,0.0,0.0,0.0,0.0
CH00_electrolyzer,CH00,2050,GlobalAmbition,2009,-1.0000803740695119e-08,0.0,-1.0000803740695119e-08,-1.0000803740695119e-05,0.0
IT00_electrolyzer,IT00,2050,GlobalAmbition,2009,7234.68641941,278448.96330123,-271214.27688182,86400093.92908995,357614.37081090995
DE00_electrolyzer,DE00,2050,GlobalAmbition,2009,-171031.81381359004,322138.75531665,-493170.56913024,259764160.20957997,752934.72933982
FR00_electrolyzer,FR00,2050,GlobalAmbition,2009,0.0,-44156.833620270016,44156.833620270016,366525492.42212003,322368.65880185
AT00_electrolyzer,AT00,2050,GlobalAmbition,2009,-48130.791206689995,0.0,-48130.791206689995,10894266.13384,59025.057340529995
DKE1_electrolyzer,DKE1,2050,GlobalAmbition,2009,10995.85378449,-5473.5614461000005,16469.41523059,33900128.23684,17430.71300625
DKW1_electrolyzer,DKW1,2050,GlobalAmbition,2009,0.0,-73154.26873661,73154.26873661,97689199.13546,24534.93039885
BE00_electrolyzer,BE00,2050,GlobalAmbition,2009,-2828.504971219998,62796.83237961,-65625.33735083,18112060.51178,83737.39786261
CZ00_electrolyzer,CZ00,2050,GlobalAmbition,2009,-52127.215653890016,0.0,-52127.215653890016,12863969.869309986,64991.1855232
ES00_electrolyzer,ES00,2050,GlobalAmbition,2009,37604.91529416,53462.18783889,-15857.272544730004,235055527.48508,250912.80002981
UK00_electrolyzer,UK00,2050,GlobalAmbition,2009,0.0,174066.64425069,-174066.64425069,220418708.19537,394485.35244606
HU00_electrolyzer,HU00,2050,GlobalAmbition,2009,-57854.12396461,-11414.240331919998,-46439.883632690005,10970033.487239998,57409.91711993
LU00_electrolyzer,LU00,2050,GlobalAmbition,2009,0.0,0.0,0.0,0.0,0.0
NL00_electrolyzer,NL00,2050,GlobalAmbition,2009,0.0,-88772.27786631002,88772.27786631002,306421626.20554,217649.34833923
PL00_electrolyzer,PL00,2050,GlobalAmbition,2009,-20806.72342708,104607.40939450999,-125414.13282158998,39223849.79530001,164637.98261689
PT00_electrolyzer,PT00,2050,GlobalAmbition,2009,0.0,-18447.14351547,18447.14351547,57540828.84514,39093.68532967
SI00_electrolyzer,SI00,2050,GlobalAmbition,2009,0.0,8922.38838823,-8922.38838823,3495929.7276500002,12418.31811588
SK00_electrolyzer,SK00,2050,GlobalAmbition,2009,0.0,22611.02406274999,-22611.02406274999,5266594.746320006,27877.618809069998
HR00_electrolyzer,HR00,2050,GlobalAmbition,2009,-10452.365525789999,0.0,-10452.365525789999,4366494.788860002,14818.86031465
SE01_electrolyzer,SE01,2050,GlobalAmbition,2009,48099.92360931,23759.41134624,24340.51226307,32560219.98314,8219.70772007
SE02_electrolyzer,SE02,2050,GlobalAmbition,2009,51132.90677416,48099.92360931,3032.983164850004,12591570.357430004,9558.58719258
SE03_electrolyzer,SE03,2050,GlobalAmbition,2009,12004.51722084,51132.90677416,-39128.38955332,9668148.18843,48796.53774175
SE04_electrolyzer,SE04,2050,GlobalAmbition,2009,0.0,4860.66860101,-4860.66860101,8589325.16535,13449.99376636
NON1_electrolyzer,NON1,2050,GlobalAmbition,2009,0.0,0.0,0.0,0.0,0.0
NOM1_electrolyzer,NOM1,2050,GlobalAmbition,2009,0.0,0.0,0.0,0.0,0.0
NOS0_electrolyzer,NOS0,2050,GlobalAmbition,2009,0.0,0.0,0.0,0.0,0.0
